2025-11-16_13-42-07,---,Kid.py:2025-11-16_13-42-07;draft.py:2025-11-16_13-42-07
2025-11-16_13-50-21,0,Kid.py:2025-11-16_13-50-21;Trampoline.py:2025-11-16_13-50-21;draft.py:2025-11-16_13-42-07
2025-11-16_13-50-25,0,draft.py:2025-11-16_13-42-07;Kid.py:2025-11-16_13-50-21;Trampoline.py:2025-11-16_13-50-21
2025-11-16_13-50-26,0,Trampoline.py:2025-11-16_13-50-21;Kid.py:2025-11-16_13-50-21;draft.py:2025-11-16_13-42-07
2025-11-16_13-56-16,---,Trampoline.py:2025-11-16_13-56-16;Kid.py:2025-11-16_13-50-21;draft.py:2025-11-16_13-42-07
2025-11-16_14-04-20,---,Trampoline.py:2025-11-16_14-04-20;Kid.py:2025-11-16_13-50-21;draft.py:2025-11-16_13-42-07
2025-11-16_14-10-32,---,Trampoline.py:2025-11-16_14-10-32;Kid.py:2025-11-16_13-50-21;draft.py:2025-11-16_13-42-07
2025-11-16_14-11-01,---,Trampoline.py:2025-11-16_14-10-32;Kid.py:2025-11-16_13-50-21;draft.py:2025-11-16_13-42-07
2025-11-16_14-12-25,---,Trampoline.py:2025-11-16_14-12-25;Kid.py:2025-11-16_13-50-21;draft.py:2025-11-16_13-42-07
2025-11-16_14-17-52,---,Trampoline.py:2025-11-16_14-17-52;Kid.py:2025-11-16_13-50-21;draft.py:2025-11-16_13-42-07
2025-11-16_14-25-56,---,Trampoline.py:2025-11-16_14-25-56;Kid.py:2025-11-16_13-50-21;draft.py:2025-11-16_13-42-07
2025-11-16_14-27-32,---,Trampoline.py:2025-11-16_14-27-32;Kid.py:2025-11-16_13-50-21;draft.py:2025-11-16_13-42-07
2025-11-16_14-29-43,---,Trampoline.py:2025-11-16_14-29-43;Kid.py:2025-11-16_13-50-21;draft.py:2025-11-16_13-42-07
2025-11-16_14-30-13,0,Trampoline.py:2025-11-16_14-29-43;Kid.py:2025-11-16_13-50-21;draft.py:2025-11-16_13-42-07
2025-11-16_14-37-22,---,Trampoline.py:2025-11-16_14-37-22;Kid.py:2025-11-16_13-50-21;draft.py:2025-11-16_13-42-07
2025-11-16_14-55-30,---,Kid.py:2025-11-16_13-50-21;Trampoline.py:2025-11-16_14-55-30;draft.py:2025-11-16_13-42-07
2025-11-16_14-55-41,0,Trampoline.py:2025-11-16_14-55-30;Kid.py:2025-11-16_13-50-21;draft.py:2025-11-16_13-42-07
2025-11-16_14-55-45,---,Trampoline.py:2025-11-16_14-55-30;Kid.py:2025-11-16_13-50-21;draft.py:2025-11-16_13-42-07
2025-11-16_15-03-05,0,Trampoline.py:2025-11-16_15-03-05;Kid.py:2025-11-16_13-50-21;draft.py:2025-11-16_15-03-05
2025-11-16_15-03-10,---,Trampoline.py:2025-11-16_15-03-05;Kid.py:2025-11-16_13-50-21;draft.py:2025-11-16_15-03-05
2025-11-16_15-07-54,0,draft.py:2025-11-16_15-07-54;Kid.py:2025-11-16_13-50-21;Trampoline.py:2025-11-16_15-07-54
2025-11-16_15-08-15,70,draft.py:2025-11-16_15-08-15;Kid.py:2025-11-16_13-50-21;Trampoline.py:2025-11-16_15-07-54
2025-11-16_15-10-10,100,draft.py:2025-11-16_15-08-15;Kid.py:2025-11-16_13-50-21;Trampoline.py:2025-11-16_15-10-10
