2025-11-16_00-20-55,0,draft.py:2025-11-16_00-20-55;Lead.py:2025-11-16_00-20-55
2025-11-16_00-30-53,---,draft.py:2025-11-16_00-30-53;Lead.py:2025-11-16_00-30-53
2025-11-16_00-30-58,0,Lead.py:2025-11-16_00-30-53;draft.py:2025-11-16_00-30-53
2025-11-16_00-31-03,---,Lead.py:2025-11-16_00-30-53;draft.py:2025-11-16_00-30-53
2025-11-16_00-44-00,0,Lead.py:2025-11-16_00-44-00;Pencil.py:2025-11-16_00-44-00;draft.py:2025-11-16_00-30-53
2025-11-16_00-57-18,---,Pencil.py:2025-11-16_00-57-18;Lead.py:2025-11-16_00-44-00;draft.py:2025-11-16_00-30-53
2025-11-16_01-08-58,---,Pencil.py:2025-11-16_01-08-58;Lead.py:2025-11-16_00-44-00;draft.py:2025-11-16_00-30-53
2025-11-16_01-14-21,---,Pencil.py:2025-11-16_01-14-21;Lead.py:2025-11-16_00-44-00;draft.py:2025-11-16_00-30-53
2025-11-16_01-19-50,---,Pencil.py:2025-11-16_01-19-50;Lead.py:2025-11-16_00-44-00;draft.py:2025-11-16_00-30-53
2025-11-16_01-33-58,0,Pencil.py:2025-11-16_01-33-58;Lead.py:2025-11-16_01-33-58;draft.py:2025-11-16_01-33-58
2025-11-16_01-34-05,---,draft.py:2025-11-16_01-33-58;Lead.py:2025-11-16_01-33-58;Pencil.py:2025-11-16_01-33-58
2025-11-16_01-34-16,---,draft.py:2025-11-16_01-33-58;Lead.py:2025-11-16_01-33-58;Pencil.py:2025-11-16_01-33-58
2025-11-16_01-35-41,---,draft.py:2025-11-16_01-35-41;Lead.py:2025-11-16_01-33-58;Pencil.py:2025-11-16_01-35-41
2025-11-16_01-45-47,0,draft.py:2025-11-16_01-45-47;Lead.py:2025-11-16_01-33-58;Pencil.py:2025-11-16_01-35-41
2025-11-16_01-46-01,14,draft.py:2025-11-16_01-46-01;Lead.py:2025-11-16_01-33-58;Pencil.py:2025-11-16_01-35-41
2025-11-16_01-46-52,14,draft.py:2025-11-16_01-46-01;Lead.py:2025-11-16_01-33-58;Pencil.py:2025-11-16_01-46-52
2025-11-16_01-47-05,100,draft.py:2025-11-16_01-46-01;Lead.py:2025-11-16_01-33-58;Pencil.py:2025-11-16_01-47-05
