2025-11-16_15-20-04,0,draft.py:2025-11-16_15-20-04;Slot.py:2025-11-16_15-20-04
2025-11-16_15-39-35,---,draft.py:2025-11-16_15-20-04;Slot.py:2025-11-16_15-39-35
2025-11-16_15-39-41,0,Slot.py:2025-11-16_15-39-35;draft.py:2025-11-16_15-20-04
2025-11-16_15-39-45,---,Slot.py:2025-11-16_15-39-35;draft.py:2025-11-16_15-20-04
2025-11-16_15-40-05,---,Slot.py:2025-11-16_15-39-35;draft.py:2025-11-16_15-20-04
2025-11-16_15-41-03,---,Slot.py:2025-11-16_15-41-03;draft.py:2025-11-16_15-20-04
2025-11-16_15-41-17,---,Slot.py:2025-11-16_15-41-17;draft.py:2025-11-16_15-20-04
2025-11-16_15-41-22,---,Slot.py:2025-11-16_15-41-17;draft.py:2025-11-16_15-20-04
2025-11-16_15-46-41,---,Slot.py:2025-11-16_15-46-41;draft.py:2025-11-16_15-20-04
2025-11-16_15-48-09,---,Slot.py:2025-11-16_15-48-09;draft.py:2025-11-16_15-20-04
2025-11-16_15-58-53,0,draft.py:2025-11-16_15-20-04;Slot.py:2025-11-16_15-58-53;VendingMachine.py:2025-11-16_15-58-53
2025-11-16_16-14-10,---,Slot.py:2025-11-16_15-58-53;VendingMachine.py:2025-11-16_16-14-10;draft.py:2025-11-16_15-20-04
2025-11-16_16-14-17,0,VendingMachine.py:2025-11-16_16-14-10;Slot.py:2025-11-16_15-58-53;draft.py:2025-11-16_15-20-04
2025-11-16_16-14-21,---,VendingMachine.py:2025-11-16_16-14-10;Slot.py:2025-11-16_15-58-53;draft.py:2025-11-16_15-20-04
2025-11-16_16-19-55,0,VendingMachine.py:2025-11-16_16-19-55;Slot.py:2025-11-16_16-19-55;draft.py:2025-11-16_15-20-04
2025-11-16_16-29-59,0,VendingMachine.py:2025-11-16_16-29-59;Slot.py:2025-11-16_16-19-55;draft.py:2025-11-16_15-20-04
2025-11-16_16-30-01,---,VendingMachine.py:2025-11-16_16-29-59;Slot.py:2025-11-16_16-19-55;draft.py:2025-11-16_15-20-04
2025-11-16_16-30-54,0,VendingMachine.py:2025-11-16_16-30-54;Slot.py:2025-11-16_16-19-55;draft.py:2025-11-16_15-20-04
2025-11-16_16-32-25,---,VendingMachine.py:2025-11-16_16-32-25;Slot.py:2025-11-16_16-19-55;draft.py:2025-11-16_15-20-04
2025-11-16_16-33-34,---,VendingMachine.py:2025-11-16_16-32-25;Slot.py:2025-11-16_16-19-55;draft.py:2025-11-16_15-20-04
2025-11-16_16-36-14,---,VendingMachine.py:2025-11-16_16-36-14;Slot.py:2025-11-16_16-19-55;draft.py:2025-11-16_15-20-04
2025-11-16_16-38-50,---,VendingMachine.py:2025-11-16_16-38-50;Slot.py:2025-11-16_16-19-55;draft.py:2025-11-16_15-20-04
2025-11-16_16-53-25,0,VendingMachine.py:2025-11-16_16-53-25;Slot.py:2025-11-16_16-19-55;draft.py:2025-11-16_15-20-04
2025-11-16_16-57-02,---,VendingMachine.py:2025-11-16_16-57-02;Slot.py:2025-11-16_16-19-55;draft.py:2025-11-16_15-20-04
2025-11-16_16-59-15,---,VendingMachine.py:2025-11-16_16-57-02;Slot.py:2025-11-16_16-19-55;draft.py:2025-11-16_15-20-04
2025-11-16_17-09-20,0,VendingMachine.py:2025-11-16_17-09-20;Slot.py:2025-11-16_16-19-55;draft.py:2025-11-16_15-20-04
2025-11-16_17-22-54,---,VendingMachine.py:2025-11-16_17-22-54;Slot.py:2025-11-16_16-19-55;draft.py:2025-11-16_15-20-04
2025-11-16_17-31-46,---,draft.py:2025-11-16_17-31-46;Slot.py:2025-11-16_16-19-55;VendingMachine.py:2025-11-16_17-31-46
2025-11-16_17-33-22,---,draft.py:2025-11-16_17-33-22;Slot.py:2025-11-16_16-19-55;VendingMachine.py:2025-11-16_17-31-46
2025-11-16_17-35-28,---,draft.py:2025-11-16_17-35-28;Slot.py:2025-11-16_16-19-55;VendingMachine.py:2025-11-16_17-31-46
2025-11-16_17-37-38,---,draft.py:2025-11-16_17-37-38;Slot.py:2025-11-16_16-19-55;VendingMachine.py:2025-11-16_17-31-46
2025-11-16_17-40-22,0,draft.py:2025-11-16_17-40-22;Slot.py:2025-11-16_16-19-55;VendingMachine.py:2025-11-16_17-31-46
2025-11-16_17-40-32,0,draft.py:2025-11-16_17-40-32;Slot.py:2025-11-16_16-19-55;VendingMachine.py:2025-11-16_17-31-46
2025-11-16_17-40-54,0,draft.py:2025-11-16_17-40-32;Slot.py:2025-11-16_16-19-55;VendingMachine.py:2025-11-16_17-31-46
2025-11-16_17-41-05,0,draft.py:2025-11-16_17-40-32;Slot.py:2025-11-16_17-41-05;VendingMachine.py:2025-11-16_17-31-46
2025-11-16_17-41-10,40,draft.py:2025-11-16_17-40-32;Slot.py:2025-11-16_17-41-10;VendingMachine.py:2025-11-16_17-31-46
2025-11-16_17-42-16,40,draft.py:2025-11-16_17-40-32;Slot.py:2025-11-16_17-41-10;VendingMachine.py:2025-11-16_17-42-16
2025-11-16_17-42-27,40,draft.py:2025-11-16_17-40-32;Slot.py:2025-11-16_17-41-10;VendingMachine.py:2025-11-16_17-42-27
2025-11-16_17-42-44,50,draft.py:2025-11-16_17-40-32;Slot.py:2025-11-16_17-41-10;VendingMachine.py:2025-11-16_17-42-44
2025-11-16_17-43-38,80,draft.py:2025-11-16_17-40-32;Slot.py:2025-11-16_17-41-10;VendingMachine.py:2025-11-16_17-43-38
2025-11-16_17-44-43,90,draft.py:2025-11-16_17-40-32;Slot.py:2025-11-16_17-41-10;VendingMachine.py:2025-11-16_17-44-43
2025-11-16_17-45-33,90,draft.py:2025-11-16_17-40-32;Slot.py:2025-11-16_17-41-10;VendingMachine.py:2025-11-16_17-45-33
2025-11-16_17-47-05,90,draft.py:2025-11-16_17-40-32;Slot.py:2025-11-16_17-41-10;VendingMachine.py:2025-11-16_17-47-05
2025-11-16_17-48-51,80,draft.py:2025-11-16_17-40-32;Slot.py:2025-11-16_17-41-10;VendingMachine.py:2025-11-16_17-48-51
2025-11-16_17-49-14,80,draft.py:2025-11-16_17-40-32;Slot.py:2025-11-16_17-41-10;VendingMachine.py:2025-11-16_17-49-14
2025-11-16_17-49-25,90,draft.py:2025-11-16_17-40-32;Slot.py:2025-11-16_17-41-10;VendingMachine.py:2025-11-16_17-49-25
2025-11-16_17-52-41,90,draft.py:2025-11-16_17-40-32;Slot.py:2025-11-16_17-52-41;VendingMachine.py:2025-11-16_17-52-41
2025-11-16_17-53-27,90,draft.py:2025-11-16_17-40-32;Slot.py:2025-11-16_17-52-41;VendingMachine.py:2025-11-16_17-53-27
2025-11-16_17-56-32,50,draft.py:2025-11-16_17-40-32;Slot.py:2025-11-16_17-52-41;VendingMachine.py:2025-11-16_17-56-32
2025-11-16_17-59-40,90,draft.py:2025-11-16_17-40-32;Slot.py:2025-11-16_17-52-41;VendingMachine.py:2025-11-16_17-59-40
2025-11-16_18-01-17,100,draft.py:2025-11-16_17-40-32;Slot.py:2025-11-16_17-52-41;VendingMachine.py:2025-11-16_18-01-17
