2025-11-14_13-44-12,0,Client.py:2025-11-14_13-44-12;draft.py:2025-11-14_13-44-12
2025-11-14_13-48-02,---,Client.py:2025-11-14_13-48-02;draft.py:2025-11-14_13-44-12
2025-11-14_13-48-11,0,draft.py:2025-11-14_13-44-12;Client.py:2025-11-14_13-48-02
2025-11-14_13-54-08,0,Client.py:2025-11-14_13-54-08;Theater.py:2025-11-14_13-54-08;draft.py:2025-11-14_13-54-08
2025-11-14_13-57-32,---,Client.py:2025-11-14_13-54-08;Theater.py:2025-11-14_13-57-32;draft.py:2025-11-14_13-54-08
2025-11-14_13-57-40,0,Theater.py:2025-11-14_13-57-32;Client.py:2025-11-14_13-54-08;draft.py:2025-11-14_13-54-08
2025-11-14_14-01-05,---,Theater.py:2025-11-14_14-01-05;Client.py:2025-11-14_13-54-08;draft.py:2025-11-14_13-54-08
2025-11-14_14-07-08,0,Theater.py:2025-11-14_14-07-08;Client.py:2025-11-14_13-54-08;draft.py:2025-11-14_13-54-08
2025-11-14_14-07-32,---,Theater.py:2025-11-14_14-07-32;Client.py:2025-11-14_13-54-08;draft.py:2025-11-14_13-54-08
2025-11-14_14-23-40,0,Theater.py:2025-11-14_14-23-40;Client.py:2025-11-14_13-54-08;draft.py:2025-11-14_13-54-08
