2025-11-11_19-26-13,0,Customer.py:2025-11-11_19-26-13;Market.py:2025-11-11_19-26-13;draft.py:2025-11-11_19-26-13
2025-11-11_19-26-26,---,Customer.py:2025-11-11_19-26-13;Market.py:2025-11-11_19-26-13;draft.py:2025-11-11_19-26-13
2025-11-11_19-27-56,---,Customer.py:2025-11-11_19-26-13;Market.py:2025-11-11_19-27-56;draft.py:2025-11-11_19-27-56
2025-11-11_19-55-44,0,Customer.py:2025-11-11_19-26-13;Market.py:2025-11-11_19-55-44;draft.py:2025-11-11_19-55-44
2025-11-12_11-50-14,0,Customer.py:2025-11-11_19-26-13;Market.py:2025-11-12_11-50-14;draft.py:2025-11-11_19-55-44
2025-11-12_11-56-15,---,Customer.py:2025-11-11_19-26-13;Market.py:2025-11-12_11-56-15;draft.py:2025-11-12_11-56-15
2025-11-12_11-56-30,---,draft.py:2025-11-12_11-56-15;Customer.py:2025-11-11_19-26-13;Market.py:2025-11-12_11-56-15
2025-11-12_12-03-23,---,draft.py:2025-11-12_12-03-23;Customer.py:2025-11-11_19-26-13;Market.py:2025-11-12_12-03-23
2025-11-12_15-49-43,---,Customer.py:2025-11-11_19-26-13;Market.py:2025-11-12_15-49-43;draft.py:2025-11-12_15-49-43
2025-11-12_15-50-00,0,draft.py:2025-11-12_15-49-43;Customer.py:2025-11-11_19-26-13;Market.py:2025-11-12_15-49-43
2025-11-12_15-50-02,---,draft.py:2025-11-12_15-49-43;Customer.py:2025-11-11_19-26-13;Market.py:2025-11-12_15-49-43
2025-11-12_15-57-23,---,draft.py:2025-11-12_15-57-23;Customer.py:2025-11-11_19-26-13;Market.py:2025-11-12_15-57-23
2025-11-12_16-01-14,---,Customer.py:2025-11-11_19-26-13;Market.py:2025-11-12_15-57-23;draft.py:2025-11-12_16-01-14
2025-11-12_16-02-06,0,draft.py:2025-11-12_16-02-06;Customer.py:2025-11-11_19-26-13;Market.py:2025-11-12_15-57-23
2025-11-12_16-02-09,---,draft.py:2025-11-12_16-02-06;Customer.py:2025-11-11_19-26-13;Market.py:2025-11-12_15-57-23
2025-11-12_16-09-16,---,draft.py:2025-11-12_16-09-16;Customer.py:2025-11-11_19-26-13;Market.py:2025-11-12_15-57-23
2025-11-12_16-11-16,---,draft.py:2025-11-12_16-11-16;Customer.py:2025-11-11_19-26-13;Market.py:2025-11-12_15-57-23
2025-11-12_16-12-52,---,draft.py:2025-11-12_16-11-16;Customer.py:2025-11-11_19-26-13;Market.py:2025-11-12_15-57-23
2025-11-12_16-29-10,---,draft.py:2025-11-12_16-11-16;Customer.py:2025-11-11_19-26-13;Market.py:2025-11-12_16-29-10
2025-11-12_17-01-11,---,draft.py:2025-11-12_16-11-16;Customer.py:2025-11-11_19-26-13;Market.py:2025-11-12_17-01-11
2025-11-12_17-27-14,---,draft.py:2025-11-12_16-11-16;Customer.py:2025-11-11_19-26-13;Market.py:2025-11-12_17-27-14
2025-11-12_17-31-12,---,draft.py:2025-11-12_17-31-12;Customer.py:2025-11-11_19-26-13;Market.py:2025-11-12_17-31-12
2025-11-12_17-55-47,---,draft.py:2025-11-12_17-31-12;Customer.py:2025-11-11_19-26-13;Market.py:2025-11-12_17-55-47
2025-11-12_18-08-54,0,draft.py:2025-11-12_17-31-12;Customer.py:2025-11-11_19-26-13;Market.py:2025-11-12_18-08-54
2025-11-12_18-09-19,0,draft.py:2025-11-12_17-31-12;Customer.py:2025-11-11_19-26-13;Market.py:2025-11-12_18-09-19
2025-11-12_18-09-27,100,draft.py:2025-11-12_17-31-12;Customer.py:2025-11-11_19-26-13;Market.py:2025-11-12_18-09-27
