2025-11-07_16-50-41,100,draft.py:2025-11-07_16-50-41
2025-11-07_19-17-14,---,draft.py:2025-11-07_19-17-14
2025-11-07_19-18-48,---,draft.py:2025-11-07_19-18-48
2025-11-10_14-57-49,---,draft.py:2025-11-07_19-18-48
2025-11-10_15-02-02,---,draft.py:2025-11-10_15-02-02
2025-11-10_15-02-13,0,draft.py:2025-11-10_15-02-02
2025-11-10_15-05-57,0,draft.py:2025-11-10_15-05-57
2025-11-10_15-08-46,0,draft.py:2025-11-10_15-08-46
2025-11-10_15-09-22,0,draft.py:2025-11-10_15-09-22
2025-11-10_15-11-10,0,draft.py:2025-11-10_15-11-10
2025-11-10_15-14-11,0,draft.py:2025-11-10_15-14-11
